{
    "anchorpoints": [],
    "portpins": [
        {
            "name": "1",
            "position": [
                3.5,
                0.25,
                13.5
            ],
            "rotation": [
                0.9370425713316364,
                0.15617376188860607,
                -0.31234752377721214,
                -0.14815943949743846,
                0.9877295966495896,
                0.049386479832479485,
                0.31622776601683794,
                -0.0,
                0.9486832980505138
            ]
        },
        {
            "name": "2",
            "position": [
                -3.5,
                -0.25,
                13.5
            ],
            "rotation": [
                -0.9370425713316364,
                -0.15617376188860607,
                -0.31234752377721214,
                -0.14815943949743846,
                0.9877295966495896,
                -0.049386479832479485,
                0.31622776601683794,
                0.0,
                -0.9486832980505138
            ]
        }
    ],
    "version": 7
}