{
    "anchorpoints": [],
    "portpins": [
        {
            "name": "1",
            "position": [
                2.27233078552585,
                19.920110648378724,
                -31.25
            ],
            "rotation": [
                -0.9999389475664529,
                -0.011049938447549836,
                0.0,
                -0.011049938447549836,
                0.9999389475664529,
                0.0,
                -0.0,
                0.0,
                -1.0
            ]
        }
    ],
    "version": 7
}